article_id,date,source,title_clean,text_clean,analysis_text,url,search_query,sportswear_match,consumer_match,technology_match
1,2024-02-06 08:00:00,horsesport.com,Struck Apparel Wins Top Innovation Award at Spoga - horsesport.com,Struck Apparel Wins Top Innovation Award at Spoga horsesport.com,Struck Apparel Wins Top Innovation Award at Spoga - horsesport.com. Struck Apparel Wins Top Innovation Award at Spoga horsesport.com,https://news.google.com/rss/articles/CBMiiAFBVV95cUxPMENRV0tvWUQyeVdvYlNkQ0lmbW9GOFJ6Mnc1QUM3bUhkTFNiR0FOc3VVdEdfX3VEejhjVFpIeXk0cTg5X1pCeHk3MlNrRWdkNHRkRlFmQ3BXNXF1OTJRSU5tVXVjMnNuZ2FVVWxVOEl1NVZtNjhjSy1LZ2o1aGZ5b1ZDU2w1MXdw?oc=5,UK athletic apparel innovation,True,False,True
2,2024-03-15 07:00:00,Loughborough University,Experts in Sport: The sports apparel waste problem - Loughborough University,Experts in Sport: The sports apparel waste problem Loughborough University,Experts in Sport: The sports apparel waste problem - Loughborough University. Experts in Sport: The sports apparel waste problem Loughborough University,https://news.google.com/rss/articles/CBMinwFBVV95cUxOZUhCYkZaaC1fcXRodjN6UXIwRk83OVgzaUhsQnIwX2w3ZjZhNXpUTlBHSHEzbVpBcXFYT2huN0VuRkJ1WVpaTEpVRGp6eWFuWmVQTGd2T1ROMjNxQTZ4cnlqUnNZTGxUOXFkd3lUQzNtVnZpcG1oQU1lb0h5MFhlcHRxNzJaRUVaYkQ1d2Z2X1ZpU080WGhjU2xvZVRNM2s?oc=5,UK athletic apparel innovation,True,False,True
3,2024-03-21 07:00:00,About Nike,"5 Decades of Nike Innovation in Women's Apparel — NIKE, Inc. - About Nike","5 Decades of Nike Innovation in Women's Apparel — NIKE, Inc. About Nike","5 Decades of Nike Innovation in Women's Apparel — NIKE, Inc. - About Nike. 5 Decades of Nike Innovation in Women's Apparel — NIKE, Inc. About Nike",https://news.google.com/rss/articles/CBMihgFBVV95cUxPVnVldEk1bVgzTldxeUtTTkt4UzRqaGdyY3A1Z29WNnNMNkZfYUlJd3FrZkppRkltSjNXWF8xc1lUZjZQNTZoN0NMbjFkMzFqSFBvUXk2bW9lN3R0cVJtZGFBaXlxYjNtTThSb1FrYXN5LWlVS0FIRFhQZFRaMmhpOE9QY0pTUQ?oc=5,UK athletic apparel innovation,True,False,True
4,2024-04-05 07:00:00,Euromonitor,Top Trends in Global Apparel and Footwear in 2024 and Beyond - Euromonitor,Top Trends in Global Apparel and Footwear in 2024 and Beyond Euromonitor,Top Trends in Global Apparel and Footwear in 2024 and Beyond - Euromonitor. Top Trends in Global Apparel and Footwear in 2024 and Beyond Euromonitor,https://news.google.com/rss/articles/CBMinAFBVV95cUxPUkNmc3ZtSnYxcFlJU1pOYmlXSUF1VENsRTJkNTBFNEhtcmkyeG1EVS00TjhFeGhMellRZ0RUdXZpNkIzZFVmN2Uzb3lOd1hfZWZ3WXczekgtc1hTVXhiNWVqaFRMTmg4UEU2ck1zX1NLVzdoR2tXaEpGOVc5UEw2R2tjRE9WRjZtejJfckhZZ0hhNEVMcDN1TkdEZUE?oc=5,UK sportswear consumer trends,True,False,True
5,2024-05-05 07:00:00,Retail Week,How Lululemon is sprinting ahead in the UK sportswear market - Retail Week,How Lululemon is sprinting ahead in the UK sportswear market Retail Week,How Lululemon is sprinting ahead in the UK sportswear market - Retail Week. How Lululemon is sprinting ahead in the UK sportswear market Retail Week,https://news.google.com/rss/articles/CBMiwAFBVV95cUxNd1RXemVfYzg5SkV4QTdFUUVkYUZ1MkZuZ3FtcFVpQ0tSOW1xMVlaaGtzRHJBMDRtWTZiM0FqOFZmdTl0WG41YlVmWi1UdlF6T3ZQSVh6WWpzUlQyRHpEaThLSTFtcHQ4M1FfalFwcGZrQWlZY1BFQkZDaXUxdG5HODBpNzZ4SWVvYTl6X0ZqaTZqTTNjNlpnbURqeTgxaUpDRFRESEpudDVabmRYNmZOMDJiMmZOdjQ3SXl4NS0tVEY?oc=5,UK sportswear ecommerce,True,True,False
6,2024-08-20 07:00:00,Mintel,Fitness or Fashion? Blurring Boundaries in the Sportswear Industry - Mintel,Fitness or Fashion? Blurring Boundaries in the Sportswear Industry Mintel,Fitness or Fashion? Blurring Boundaries in the Sportswear Industry - Mintel. Fitness or Fashion? Blurring Boundaries in the Sportswear Industry Mintel,https://news.google.com/rss/articles/CBMijgFBVV95cUxOdnREWTNNc2k0OThPY1g2VFBGWDhRVlNtNVFPUUx6NVlkUkRWX1ZUWldiOWxrM1RmTHppUUdZSVRvUU1xbU1kNTBuM3M0S2tGdUFvQy1mT2NGNjJvdnU4RGwzMWxVM2pEX0JVUEExNHhzSXczanNNVTRUU1R6Skw1ZU5UTWMxVGZFd25wQzdn?oc=5,UK sportswear consumer trends,True,True,False
7,2024-08-23 07:00:00,Global Data,"France Apparel Market Size and Trend Analysis by Category, Retail Channel, Consumer Attitudes, Brands and Forecast to 2028 - Global Data","France Apparel Market Size and Trend Analysis by Category, Retail Channel, Consumer Attitudes, Brands and Forecast to 2028 Global Data","France Apparel Market Size and Trend Analysis by Category, Retail Channel, Consumer Attitudes, Brands and Forecast to 2028 - Global Data. France Apparel Market Size and Trend Analysis by Category, Retail Channel, Consumer Attitudes, Brands and Forecast to 2028 Global Data",https://news.google.com/rss/articles/CBMie0FVX3lxTFB5cFEwYTVDSW92M21xV0JHMDIyMGFwUTdOS2o2N1JjOFozSGJuTzg4ejRUQWtldnFIaGs3TnRHLXdUaUxTTjItRHhNcHJyc2hnYThlVWkyLWR1SHFUY3JXWlN4VnlObnB6WHhqMUhmNzc4SzZLamNRRHZLOA?oc=5,UK sportswear market trends,True,True,True
8,2024-08-28 07:00:00,Authentic Brands Group,Authentic Announces Launch of New Tedbaker.com This Fall With United Legwear & Apparel Co. - Authentic Brands Group,Authentic Announces Launch of New Tedbaker.com This Fall With United Legwear & Apparel Co. Authentic Brands Group,Authentic Announces Launch of New Tedbaker.com This Fall With United Legwear & Apparel Co. - Authentic Brands Group. Authentic Announces Launch of New Tedbaker.com This Fall With United Legwear & Apparel Co. Authentic Brands Group,https://news.google.com/rss/articles/CBMipgFBVV95cUxNQlFsZnY5SkpxdnZYYmE0VjBHeEJQd3IyX2VSV2E2QnJjcmhnc01ROWsyOUx4U1ppVDlqSGNRS1M1alR6M1RuQ3E5WmZCYnlwdUtPb09BSmFGQ050czEtTS1BekFFRFlYYkJnZ3k3bE5wQzRnTl9EMlpoRUZ2YUxVRG84em9EV3RpZHo2V0cwN2xqN1pFUHNIWUFGc1p6RHF3Wk9kUW5B?oc=5,UK sportswear ecommerce,True,False,True
9,2024-09-16 07:00:00,Retail Technology Innovation Hub,Innovations shaping sports apparel retail in 2024: trends and technologies redefining the market - Retail Technology Innovation Hub,Innovations shaping sports apparel retail in 2024: trends and technologies redefining the market Retail Technology Innovation Hub,Innovations shaping sports apparel retail in 2024: trends and technologies redefining the market - Retail Technology Innovation Hub. Innovations shaping sports apparel retail in 2024: trends and technologies redefining the market Retail Technology Innovation Hub,https://news.google.com/rss/articles/CBMi3wFBVV95cUxOSjY5WlFqQlpVakdhRU1WT1dPd3VoeWtiNzVhV3NkZDZ0NVRYdFNJa1RUVWpYTlN4UjgzdnlTOFN1NnFsd0h2aUVfS1JMcnNZeUs5OXgyR2F1QjBmeFVQRUd4UE5vRlJhMzJBWHFFOG9FZS1vNUdZeFBXb2xDN1FGcV9NTGt5aHNQbG8tajRMdzhiS1BBYU5BZ0ozZWcwb28zY3dYR0Q0Z2x4SksxblY4SlhpX0ExU01XMnVPRkkwU21Id2V6MEg1WllfQlp0Y1RQVExjbFJjQ25LU1FFYlk4?oc=5,UK sportswear retail technology,True,True,True
10,2024-09-24 07:00:00,Retail Week,Deckers Brands: Who is the sportswear group outperforming the market and how is it growing in the UK? - Retail Week,Deckers Brands: Who is the sportswear group outperforming the market and how is it growing in the UK? Retail Week,Deckers Brands: Who is the sportswear group outperforming the market and how is it growing in the UK? - Retail Week. Deckers Brands: Who is the sportswear group outperforming the market and how is it growing in the UK? Retail Week,https://news.google.com/rss/articles/CBMiygFBVV95cUxNUnhDTnFMSnNqNXpXOTBGRG9CME9fcXJHSXVUMjZIcGpqUnZ0MjVOYk1iS3EyVmtuY09LSzdjdE9WZUJUZHhFNU5aR3RuT3VydEtJVlcyTl9LblI1X3lISkZqcVE3akJvbFI1VW9Tb0JJM3NLLUp6dEVkdTJkT1RJV1dsaTdkTURBZ3lvNEdOTW5lRWFJN2NLMktSMm5ReV9wR21jV0w0alBER1QzZHB4bVNDTnN1bENLTVF0aXlBS3NOY0prcmxaVGNn?oc=5,UK sportswear market trends,True,True,False
11,2024-11-29 08:00:00,Trend Hunter,Holiday Activewear Pop-Ups: Gymshark Pop-Up Brings Fitness Energy to SoHo - Trend Hunter,Holiday Activewear Pop-Ups: Gymshark Pop-Up Brings Fitness Energy to SoHo Trend Hunter,Holiday Activewear Pop-Ups: Gymshark Pop-Up Brings Fitness Energy to SoHo - Trend Hunter. Holiday Activewear Pop-Ups: Gymshark Pop-Up Brings Fitness Energy to SoHo Trend Hunter,https://news.google.com/rss/articles/CBMiXkFVX3lxTFBRMFR0QWZJZG56WWlWejVtTS1IWWtEUlVOWFdxRzJrM2IzUUNLUkViQm1oRWhKazh3QmtZUUdrNGVOU2NfcVdqYjJmVEJwTWI5NWFoQWlQTjdaMEpmZ2c?oc=5,UK activewear consumer trends,True,True,False
12,2025-01-23 08:00:00,About Nike,"Nike 24.7 Apparel Collection Delivers a New Standard of Comfort and Athletic Style — NIKE, Inc. - About Nike","Nike 24.7 Apparel Collection Delivers a New Standard of Comfort and Athletic Style — NIKE, Inc. About Nike","Nike 24.7 Apparel Collection Delivers a New Standard of Comfort and Athletic Style — NIKE, Inc. - About Nike. Nike 24.7 Apparel Collection Delivers a New Standard of Comfort and Athletic Style — NIKE, Inc. About Nike",https://news.google.com/rss/articles/CBMigwFBVV95cUxQd21pVFJSQmMyWHRYMnZaVVB0a29xSWxOcW5JaHZFenZFbkhZNWl1TEZJcmRETV9pVENGbzBNcmU4MlZTQ2xSbXBwbXNYVk5YY01BcXRJR1d5TTg5c2R6RUw4WDJIUW1MOXBod3QzclNGNGpmWkJvOTI4SU9SVFY3bVFzVQ?oc=5,UK athletic apparel innovation,True,False,True
13,2025-01-30 08:00:00,Fortune,How Decathlon quietly became the crown jewel of sports retail - Fortune,How Decathlon quietly became the crown jewel of sports retail Fortune,How Decathlon quietly became the crown jewel of sports retail - Fortune. How Decathlon quietly became the crown jewel of sports retail Fortune,https://news.google.com/rss/articles/CBMihgFBVV95cUxOTjI1S1FTQmtqZS1QT1lFbjQ1bXVvTDE1VVJueTZjclBiYXZFTC1KY2RqRXMyNVFDbXo2ZFptWTA4LWhOR0lBZFNfekhrbzE3RWhSeDNoOUdUZXk2d1pPbFU5Z2szTjJZbkZqS2dZZm1xcnItMkFjNkZhTDdoc3dwNWpCcHNYdw?oc=5,UK sportswear digital retail,True,True,False
14,2025-02-05 08:00:00,Retail Technology Innovation Hub,Performance sportswear brand Castore teams with GXO to support its logistics operations globally - Retail Technology Innovation Hub,Performance sportswear brand Castore teams with GXO to support its logistics operations globally Retail Technology Innovation Hub,Performance sportswear brand Castore teams with GXO to support its logistics operations globally - Retail Technology Innovation Hub. Performance sportswear brand Castore teams with GXO to support its logistics operations globally Retail Technology Innovation Hub,https://news.google.com/rss/articles/CBMi3wFBVV95cUxPcV9rVmpfUFoyMnByQ3laZW9Jd2V2Q2VHS1lzeEVrLURFT0RZM3pUSlhfQnphY1NFSjJ4Vk12MlJFS1pucTRTSnliTmZJSEJCUndVSmdwNXRHREtYU2RraUV2OHRPQndqdEhERkJMd0Y3SERqUC15R1dTVDBvQWN3cmo2aDFzZUprWHdheTVLM3cwT2otcVlMNDdYcG5wN2hLekdJSmVxU3U2cHFrVnBHcUFTQUxPRndidHFEeW8zRUJCek9Ga29abS1mcEdkUWROX2E1Q3pJa1pFUXA4Wk5v?oc=5,UK sportswear innovation,True,True,True
15,2025-02-07 08:00:00,Yahoo Finance,"Sports Apparel Market to Grow by USD 106.5 Billion (2025-2029), Boosted by Innovative Apparel and Product Premiumization, AI Redefining Market Landscape - Technavio - Yahoo Finance","Sports Apparel Market to Grow by USD 106.5 Billion (2025-2029), Boosted by Innovative Apparel and Product Premiumization, AI Redefining Market Landscape - Technavio Yahoo Finance","Sports Apparel Market to Grow by USD 106.5 Billion (2025-2029), Boosted by Innovative Apparel and Product Premiumization, AI Redefining Market Landscape - Technavio - Yahoo Finance. Sports Apparel Market to Grow by USD 106.5 Billion (2025-2029), Boosted by Innovative Apparel and Product Premiumization, AI Redefining Market Landscape - Technavio Yahoo Finance",https://news.google.com/rss/articles/CBMiggFBVV95cUxPSVJiZlZkV3JVRkQyMXhETURQT2x3MHQ1NHVGU3UwbEwyejVZcncwNXdpRGZmZmU2bE56SENLcDNKaUFKdEljbUJVaWVRdTRlS3d2WlI2MEM0VWgtQmI1MXFIdUh6ZVR4UHJVOGFEOGlKWHhuNFUxSnNjNkozYWI4VGR3?oc=5,UK athletic apparel innovation,True,False,True
16,2025-03-04 08:00:00,fashionunited.uk,Sportswear brands face new crossroads as growth slows and consumer habits change - fashionunited.uk,Sportswear brands face new crossroads as growth slows and consumer habits change fashionunited.uk,Sportswear brands face new crossroads as growth slows and consumer habits change - fashionunited.uk. Sportswear brands face new crossroads as growth slows and consumer habits change fashionunited.uk,https://news.google.com/rss/articles/CBMizgFBVV95cUxPVkVaUG5kdlo0ZW5adWJxb01ZMnhfUWFSUW9XYzI4ejJKcGE2Z3J2ZlkwNlYxWUZ2Ql9TTU1wT3ZBSVoxQXNPSk9FeXU5Q3VMd0hZcmE3NVU5WlUxb09BaDhSektYRlBXdjRWSDczZ2R3SEJzc3pKLUdTa0IxV2doNzlXRDNia05JX0xIWkhlOUtKajJteWJ1T2VKdEt0djJLZUtDZ1ZBbnhMbXV6M1JGMEJWOTd3emZCSjFPRE4xVnVldEhldUNycWJuVno5QQ?oc=5,UK sportswear changing consumer habits,True,True,False
17,2025-03-11 07:00:00,Grand View Research,"UK Sports Apparel Market Size & Outlook, 2022-2030 - Grand View Research","UK Sports Apparel Market Size & Outlook, 2022-2030 Grand View Research","UK Sports Apparel Market Size & Outlook, 2022-2030 - Grand View Research. UK Sports Apparel Market Size & Outlook, 2022-2030 Grand View Research",https://news.google.com/rss/articles/CBMif0FVX3lxTE1FNkJIWERZVFdJWE5nb1FTU21TVUhPQkxUTkVoZlRMbEY1TjVwdmxDSnJ1QmhFV29NSld6RzVUWUhjQkdPSmk3TFlKMmI1UFhYdHpKVVdlTHdpUS0wcmdWSG5wQ095V3ZRMkc1X3pkSVNyYWVBcFJNTnQ2am5BVG8?oc=5,UK sportswear market trends,True,False,True
18,2025-03-19 07:00:00,Fashion Dive,Sports apparel market projected to reach $173B this year: report - Fashion Dive,Sports apparel market projected to reach $173B this year: report Fashion Dive,Sports apparel market projected to reach $173B this year: report - Fashion Dive. Sports apparel market projected to reach $173B this year: report Fashion Dive,https://news.google.com/rss/articles/CBMiggFBVV95cUxNTkNBSlVMRkFSNG03Y3I4SzJtWEdER2ZQaTBOQjNmdDZaczJONkhhUGhxY1JsQXNDSGs1Qko0Qkw5Tk4xcXBRUEhpQmxKaV9NLXJTUDZEQzc3YlVJNzAwOE1Ib2MyQl9ULWYyTHVGLVdjNzd5WHJmZV9OZllNZkJLMXlR?oc=5,UK sportswear consumer trends,True,False,True
19,2025-04-24 07:00:00,Apparel Views,Bamboo Clothing Market is expected to grow at a CAGR of 8.5% - Apparel Views,Bamboo Clothing Market is expected to grow at a CAGR of 8.5% Apparel Views,Bamboo Clothing Market is expected to grow at a CAGR of 8.5% - Apparel Views. Bamboo Clothing Market is expected to grow at a CAGR of 8.5% Apparel Views,https://news.google.com/rss/articles/CBMikgFBVV95cUxQT1pmYlBGTzQ4YXV6ZmdtV25pWEhBYmZ2N1hmN0RRX2pYbGlOX3FJNEEzN2dEUFhRUnp3UU9KeXlZcXhqVWtiX2dBRkRULW5UTUNHQnp4UU9TaXJNMEJPa3NqVlNESTRUNVhpaXJ1b2FBR3Z5eU1HSERxSUgtdDlieUpHaUFiaFZWUlVWNUZxNzA4UQ?oc=5,UK activewear consumer trends,True,False,True
20,2025-05-16 07:00:00,Future Market Insights,UK Lifestyle Sneakers Market Size & Trends 2025-2035 - Future Market Insights,UK Lifestyle Sneakers Market Size & Trends 2025-2035 Future Market Insights,UK Lifestyle Sneakers Market Size & Trends 2025-2035 - Future Market Insights. UK Lifestyle Sneakers Market Size & Trends 2025-2035 Future Market Insights,https://news.google.com/rss/articles/CBMinwFBVV95cUxOSm96WkdPUjBncDFGODQ3SE05UzBKWE9uTUlUZ2xJY3dPaWs2NmR4Nng0YUZfdFdmcEYxU2xJdFFhaGs3QTEtekgwSkFRT1k2Rk1naG15OHVVZDAxbWdsSm96M2hVQ0xyaUVfS093TTZfNGVHelVCUTZhNDlyWG03MS01UFZvYURkS1ZIS2xpT2ozbmRYNjZSOGxra0llQ2s?oc=5,UK sportswear consumer behaviour,True,True,False
21,2025-06-03 07:00:00,fashionunited.uk,Women’s sports retail takes center stage on Regent Street with SOOO pop-up - fashionunited.uk,Women’s sports retail takes center stage on Regent Street with SOOO pop-up fashionunited.uk,Women’s sports retail takes center stage on Regent Street with SOOO pop-up - fashionunited.uk. Women’s sports retail takes center stage on Regent Street with SOOO pop-up fashionunited.uk,https://news.google.com/rss/articles/CBMiwgFBVV95cUxNUXg0bWZ5bHNXVEkwVFFuM2tyLXpkZXNva0dvdXBBOGJCOHpfNjhSSEpZNTVRWXRjSTQwOHpXWGRuN1pwMUxhdnhKaTdJZnJEa1VkR0tFcThvOVFfZndLeDhzeUFCd2E3TGtNcHk5R3RQRHRZcGlzYUpXc3pvTE1mX3NVQW9OYlFabkxGQ1ZhZzE1bmdEdTR5VmFZWmROR2c4bS1ObmV3Y2s2WF9UenhKY0kwcVdQUjRqUGhRLVloNWhuQQ?oc=5,UK athletic apparel innovation,True,True,False
22,2025-06-12 07:00:00,About Nike,"Nike FlyWeb Is the Future of Performance Apparel — NIKE, Inc. - About Nike","Nike FlyWeb Is the Future of Performance Apparel — NIKE, Inc. About Nike","Nike FlyWeb Is the Future of Performance Apparel — NIKE, Inc. - About Nike. Nike FlyWeb Is the Future of Performance Apparel — NIKE, Inc. About Nike",https://news.google.com/rss/articles/CBMid0FVX3lxTE9STDdDZ2ROMC1HdzMzVGRQb1ViZ1Z4UWdJTWJzTEZSdTFaYlh1bUJydDJnWjZlTUtFU2ZyRFMyeTlEY09TSWk2Sk9nNVhqMkJRQjRZdlU0Y244cXBMVHZUUTRxZWFPRTVkNzU4bU91anlvU0ZCU2dB?oc=5,UK athletic apparel innovation,True,False,True
23,2025-06-28 07:00:00,Breaking The Lines,How New Sports Trends and Consumer Habits Are Shaping the UK's Athletic Footwear Market - Breaking The Lines,How New Sports Trends and Consumer Habits Are Shaping the UK's Athletic Footwear Market Breaking The Lines,How New Sports Trends and Consumer Habits Are Shaping the UK's Athletic Footwear Market - Breaking The Lines. How New Sports Trends and Consumer Habits Are Shaping the UK's Athletic Footwear Market Breaking The Lines,https://news.google.com/rss/articles/CBMivAFBVV95cUxPSXlDWW45NFpZc19DVEVhTFpnVGtBdjY3Z2owM3VwTkM1cnliWDBhT0NXaDRncHBvSGUya0MyNXU4Um41ZVpXT05xZWR1SDVsZkJ0RUFyVzlSZXNIdlFWd05iRmVYT1lRTElGWm5ua1RrSERjdTJ5Mk9Cck8zQmdmM1dZdmlYakxUSEZ3YXpHZWhta3RsUTdsR2NXdDlLYVZGaF9mNk54X2Zxb05MWXdpR3k4U04tVXFHT2hJVw?oc=5,UK sportswear consumer trends,True,True,False
24,2025-07-01 07:00:00,FashionUnited,Decathlon partners with Rheon Labs on next-gen sports apparel - FashionUnited,Decathlon partners with Rheon Labs on next-gen sports apparel FashionUnited,Decathlon partners with Rheon Labs on next-gen sports apparel - FashionUnited. Decathlon partners with Rheon Labs on next-gen sports apparel FashionUnited,https://news.google.com/rss/articles/CBMiswFBVV95cUxORE52M1dpNFh4bllrTGZBWU5ldUNSdmpMUzkyT2h6XzN0ZnoyMl84Mzd4Y1N4R041QmVyT0tTMDVVU2ZnNmp3VW1DWnBUUFVPMmxBTWdwOThMWF9NekduN1RkeEllVkpaMzZQQnBfcTViM01iaHpYSER3YzBYT01DRXZiWGhxclcySFo5dDNoemt2OTdBZU9wT2FBRExNZ0ZCQUZQUDBYeGNBZE1KUGtzZUhpOA?oc=5,UK athletic apparel innovation,True,False,True
25,2025-07-10 07:00:00,Grand View Research,"UK Gym Apparel Market Size & Outlook, 2025-2030 - Grand View Research","UK Gym Apparel Market Size & Outlook, 2025-2030 Grand View Research","UK Gym Apparel Market Size & Outlook, 2025-2030 - Grand View Research. UK Gym Apparel Market Size & Outlook, 2025-2030 Grand View Research",https://news.google.com/rss/articles/CBMie0FVX3lxTE03UjQwTjdBU3RPVV9TTEdOT3ZGZ2JWQlJaLTBqLWxUajlzZGNrazdna0JYQnpsWjJTbm9VdnRUbkdfSGM2UGtoZmZjN09KTF9fcHdjYTFVeXBGeTAybnNQalgtSHV0UUtmMTBFWGFwM1dzMy1pblIyY2lGZw?oc=5,UK sportswear market trends,True,False,True
26,2025-08-12 07:00:00,Retail Times,"PULCO becomes first padel apparel brand to launch at Harrods, marking a milestone moment for the sport in the UK - Retail Times","PULCO becomes first padel apparel brand to launch at Harrods, marking a milestone moment for the sport in the UK Retail Times","PULCO becomes first padel apparel brand to launch at Harrods, marking a milestone moment for the sport in the UK - Retail Times. PULCO becomes first padel apparel brand to launch at Harrods, marking a milestone moment for the sport in the UK Retail Times",https://news.google.com/rss/articles/CBMi1AFBVV95cUxPZW5GcWt4VmFJbUZBUFlNX1pxMy1tRmluNDZZTVlweFM3ZzYySDFpZmhTRzZFTV8zNWtJb0FCVVU0UzBEYVhiR2ZHQ3FuSTZPbHdhZ18wb2o5RTJyMjZBVGRCNzgtdC1sY0VNbk5PSzdOZVJldFBuM2lvR3Z0RFlubzJvWWY0eHRYQnByaXhmbWJnY1FXMnE3SDdrd2JNNG4za09CRXQ4aGN0WElWSW5iVWhNeXM3OVF3X2FPc1BfN3dnaTNOVEpmejg0UDZRTndKYWRvNQ?oc=5,UK athletic apparel innovation,True,True,True
27,2025-09-05 07:00:00,News By Wire,From £300 Bedroom Startup to Global Phenomenon: Pursue Fitness Celebrates 12 Years of Disrupting the Activewear Industry - News By Wire,From £300 Bedroom Startup to Global Phenomenon: Pursue Fitness Celebrates 12 Years of Disrupting the Activewear Industry News By Wire,From £300 Bedroom Startup to Global Phenomenon: Pursue Fitness Celebrates 12 Years of Disrupting the Activewear Industry - News By Wire. From £300 Bedroom Startup to Global Phenomenon: Pursue Fitness Celebrates 12 Years of Disrupting the Activewear Industry News By Wire,https://news.google.com/rss/articles/CBMi2gFBVV95cUxOdVpQWk1rNU1laExkTklqZEc0MFF6aHdtODFXMDVjc1ROb0ZvdmdremJ4RXEzVE5kLTUxMTJYNGNmUFR1QTFWcFhNUU9XUktIakhMdDZBUzFMcGJUSm9ZekJmWlNNU2ZKZm9IWjZibGFoMXo0M2JHOHY0M2x6bVhzWmhZTmFuRVVhZy1GV0tFYVRKdWZjeFpYT1pvRlVqS2pYZFp3MndDMHctTkszWVZFMzNTdHh5RGRQa0V2eWROTTQxMDNGcDVVdG5zeFpiOFJTR2l6TnI1ZHBQdw?oc=5,UK activewear innovation,True,True,False
28,2025-09-12 07:00:00,Future Market Insights,Premium Outdoor Apparel Market | Global Market Analysis Report - 2035 - Future Market Insights,Premium Outdoor Apparel Market | Global Market Analysis Report - 2035 Future Market Insights,Premium Outdoor Apparel Market | Global Market Analysis Report - 2035 - Future Market Insights. Premium Outdoor Apparel Market | Global Market Analysis Report - 2035 Future Market Insights,https://news.google.com/rss/articles/CBMigAFBVV95cUxObUV0WVhiczNOR3VGZlA3aGdZTmk5SEE0MHFsNEFndldIMjhxaTJCRzdvNVlKQ3BkUWJ4RXU2cWRlbXhtX3RIS1VsVHRsYno3ZmM1UEZMVTF5bjgtOVZXUVBsSXhRSFJKamVWMkI5QVJPZEdvTktNNng0a25Pa3I4Rg?oc=5,UK sportswear market trends,True,False,True
29,2025-10-16 05:44:01,Fibre2Fashion,"Top Athleisure Trends & Best Sustainable Activewear Brands In US: Comfort, Technology & Style in Motion - Fibre2Fashion","Top Athleisure Trends & Best Sustainable Activewear Brands In US: Comfort, Technology & Style in Motion Fibre2Fashion","Top Athleisure Trends & Best Sustainable Activewear Brands In US: Comfort, Technology & Style in Motion - Fibre2Fashion. Top Athleisure Trends & Best Sustainable Activewear Brands In US: Comfort, Technology & Style in Motion Fibre2Fashion",https://news.google.com/rss/articles/CBMi5AFBVV95cUxOYjFMU0RGSW9ZLU9kLU9FYmY0RkZVTGhuMDhWVDFoMlhMbDJNYTQya21zUkJhU3hIZXpBZHZ6SElnNjgzNlducUJibG01ck5UYzFFNkFsOXVrUVkwWkdZb0hZano5WXFnTmRldEhpVW5XaFZmcnpXcUxOVHpwSlcxMzI0UW5OUVJ2aHdCR1F6QlNEdFNuc3FDTVhnSVpMOEtjLTMwZFN1QS1XVk5nSHNhQ2JfZFFCS2tMUTd6YWk0WUhReHdRanNVMGlFZkRSNFc1czhsbXRrVzJlby1UNnQ3T0JfdEk?oc=5,UK activewear innovation,True,False,True
30,2025-10-23 07:00:00,About Nike,Nike Unveils Aero-FIT Performance Apparel Innovation: Cooling Technology for a Hotter World - About Nike,Nike Unveils Aero-FIT Performance Apparel Innovation: Cooling Technology for a Hotter World About Nike,Nike Unveils Aero-FIT Performance Apparel Innovation: Cooling Technology for a Hotter World - About Nike. Nike Unveils Aero-FIT Performance Apparel Innovation: Cooling Technology for a Hotter World About Nike,https://news.google.com/rss/articles/CBMi0wFBVV95cUxQWlh2VTh1QWlpLW5KTEc5cW5FT0pnMkRsd0dsVHlONVppeERmZHZubTRWRjNzczNxQ3JySHJ2Umpoczh6bUgzbjdLbU1teFRNazI4ZWVEbDRNaklKMHYtWHU5VHJoaUdJX1VEVUk4VkdlMEo2ejhKRWlRV0dMOWczZW9yNmxwVzM4cnZIQWs2RW5NRjktOHNKb0VyRkRxajk2dWw0QjA2TGs3Unk5TE4xUmtMeGV6V2hjX01MdVJRRTBxSmRxanprNFphbEs1d3NUeGQ4?oc=5,UK athletic apparel innovation,True,False,True
31,2025-10-30 07:00:00,Sporting Goods Intelligence Europe,SGI Analysis: The 20 biggest sports retailers in Europe - Sporting Goods Intelligence Europe,SGI Analysis: The 20 biggest sports retailers in Europe Sporting Goods Intelligence Europe,SGI Analysis: The 20 biggest sports retailers in Europe - Sporting Goods Intelligence Europe. SGI Analysis: The 20 biggest sports retailers in Europe Sporting Goods Intelligence Europe,https://news.google.com/rss/articles/CBMivAFBVV95cUxNckQxTWVkMHRTdVc2TU5YeEZyTklET0xnaGFiSzdaOUFSOHdsSWs2VmZGdWw4eVFKa3E1aDRwNGU4dEZNenRDNUpGLUdiLW1wQVI4WkItX1cyMURwT2dSNGdlSU1DMy10dUZaOHRWVjdBbi1nT3lzdXNGdmtqQzB2YjE5UW1JSUs2cTNJa1BjM3ZkeGVaT0t0bC1jVnp1aGVENjdPTjNyS1I3Y1VoMEJCRkFRVGM5bWd3OF9FbA?oc=5,UK sportswear digital retail,True,True,False
32,2025-11-06 08:00:00,Future Market Insights,Gym Apparel Market | Global Market Analysis Report - 2035 - Future Market Insights,Gym Apparel Market | Global Market Analysis Report - 2035 Future Market Insights,Gym Apparel Market | Global Market Analysis Report - 2035 - Future Market Insights. Gym Apparel Market | Global Market Analysis Report - 2035 Future Market Insights,https://news.google.com/rss/articles/CBMicEFVX3lxTE5obTNSUWplSHg3bnZuSFBYb2FCeHRTM1hBdWhtdnJrdGpRa2xqZW9fVk9KWFFJdWZlZUZvdkw0eXV6V3FYckZLV1JJZEt0bkNSVUZSX3FJTXptTF9OX2hDR3NrWXlHYmxYWE1nOXBTLXM?oc=5,UK activewear consumer trends,True,False,True
33,2025-11-10 08:00:00,Just Style,"Nike, Adidas hold UK sportswear top spots as demand shifts to kids - Just Style","Nike, Adidas hold UK sportswear top spots as demand shifts to kids Just Style","Nike, Adidas hold UK sportswear top spots as demand shifts to kids - Just Style. Nike, Adidas hold UK sportswear top spots as demand shifts to kids Just Style",https://news.google.com/rss/articles/CBMinwFBVV95cUxOOVpCaThKM1h6OVhOQnZzZFFzMWFTMGdFS09YeHZvdUlCTng0ZVNyZVA3alVDVVkwRWZUd204eEJxdHdXb0ZmcE1SMWw4ZWd5aGlpT21wN1RZMXc1N1Y1NlUwdDk5U0VrRmRQMlJFX01oc1lnT05xQlBZRmRqWVFjVlU3cGVTNzdIWDhDLVdRaDYxNkVabW1KSXdVZXNTMWc?oc=5,UK sportswear market trends,True,True,False
34,2026-01-04 08:00:00,Retail Technology Innovation Hub,"JD Sports Fashion's Dan McGrath talks store roll-outs, RFID programmes, and multi-skilled teams - Retail Technology Innovation Hub","JD Sports Fashion's Dan McGrath talks store roll-outs, RFID programmes, and multi-skilled teams Retail Technology Innovation Hub","JD Sports Fashion's Dan McGrath talks store roll-outs, RFID programmes, and multi-skilled teams - Retail Technology Innovation Hub. JD Sports Fashion's Dan McGrath talks store roll-outs, RFID programmes, and multi-skilled teams Retail Technology Innovation Hub",https://news.google.com/rss/articles/CBMi2gFBVV95cUxQMXQ3WUU1Q1l3MVFKanQ0dlBtaUU3d2U1TXBxV29ZaWVxdjNZNUJCVVRzU2JveTZOeFVHRUh5c1hHVzE1ejNIcVZLRXBvbWZhWW5KUU9Wc05pZGc5VG5QT1lVZ2VWLUdMYmtzQXp0TXk3Z01lWHVVc00tMTZxZXpPUC0ySGpHc2Q4ekNBd1dBdmp0YmFWaFNMMmNibDlxWGRPbmY5cW1rd1VQc2JCVlFjR2pZaGMtcTJuVFNxX2ZVSlJOaWEtb2Fxcjl4Y204MFA5SUt1WGtlNlpFZw?oc=5,UK sportswear consumer technology,True,True,True
35,2026-01-07 08:00:00,Retail Gazette,Primark rolls out biggest activewear collection - Retail Gazette,Primark rolls out biggest activewear collection Retail Gazette,Primark rolls out biggest activewear collection - Retail Gazette. Primark rolls out biggest activewear collection Retail Gazette,https://news.google.com/rss/articles/CBMiekFVX3lxTFAzUGtMV3doWmpKeHJaZDVJNk1wSFotZHBnaS1NWkFwOWNzY3hfX0dPdTJCc3kwUWU3b2Nkc3hMdmNfc0hfWTVnSGpmUGRmX2hmeWJYVVZEM3diNHFGSC1xTVZFd1lDNUxZRlgyelQ5eVBGXzlTU3h1emVB?oc=5,UK activewear innovation,True,True,False
36,2026-01-16 08:00:00,World Footwear,JD Sports to enable direct purchases through AI platforms - World Footwear,JD Sports to enable direct purchases through AI platforms World Footwear,JD Sports to enable direct purchases through AI platforms - World Footwear. JD Sports to enable direct purchases through AI platforms World Footwear,https://news.google.com/rss/articles/CBMipgFBVV95cUxOVTFOM005clBLUllZM3p5UnJBb1dSRHZFdi11cHJOZWh3X1RKWVY2OEppcWJVZmJSUlhxaDZGWU1lT0Myd3hRRm1HUnhuVkx6b1dETm5lbmlaNXAyWEc0aElNTHBNZXR0U2xOS0hGcWoweTB4MVhRNkFBV3NCWVBHb0hjaXpCUUpOeXc3VlZmUnV3OFNRN3cwTllhVFlxRm9GWlN4ZmZB?oc=5,UK sportswear ecommerce,True,True,True
37,2026-02-04 08:00:00,PR Newswire UK,"Sports Apparel Market to Reach USD 383.88 Billion by 2032, Driven by Rising Fitness Awareness and Global Activewear Demand | Industry Forecast 2025-2032: Maximize Market Research - PR Newswire UK","Sports Apparel Market to Reach USD 383.88 Billion by 2032, Driven by Rising Fitness Awareness and Global Activewear Demand | Industry Forecast 2025-2032: Maximize Market Research PR Newswire UK","Sports Apparel Market to Reach USD 383.88 Billion by 2032, Driven by Rising Fitness Awareness and Global Activewear Demand | Industry Forecast 2025-2032: Maximize Market Research - PR Newswire UK. Sports Apparel Market to Reach USD 383.88 Billion by 2032, Driven by Rising Fitness Awareness and Global Activewear Demand | Industry Forecast 2025-2032: Maximize Market Research PR Newswire UK",https://news.google.com/rss/articles/CBMi0wJBVV95cUxOdkdkaTdKcGNBSkRkWHIyUGdBQjAyOHJ3UTZEN2tWc3RrOVlDUVotSjV0ZnRwcmNXamxzbTl1UWpQS1czUTdjWTU5MlhWQ0FuQ3YyX1l6OXJQa0NhUk5oMnYyYzlDc1AwZ3VQUkx0Tk9TUlhzU0JuZzRveG5PQnQwVDctNHk4Q1Y3eXNfTThmenY4MHVIaXMwOUxOSEJBSW0xXzBiUlRaczBzX09EbkpJWmJHalBPSG9lTm9ka2JWSzhKRjhfelZTOVVNSm5KYVpSaUxtWE9SdU5leldWZXVJM3U3czFiT1Q5YUJuYWVMWnJkVW5tQ1NSTkZ5b2FZZVRTVmVBblZrYWZ6eGhBcVFfX3lsYkFoeWxfckRWSkU5X1k3cGhaTnNVdlFXT200aEhkVlpWOEplRGpBSk9EaU1kVnNRbFFTQ0s1cExUOVFDUnVKYWM?oc=5,UK activewear consumer trends,True,True,True
38,2026-02-13 08:00:00,InternetRetailing,ASICS EMEA achieves record revenues as European sportswear demand increases - InternetRetailing,ASICS EMEA achieves record revenues as European sportswear demand increases InternetRetailing,ASICS EMEA achieves record revenues as European sportswear demand increases - InternetRetailing. ASICS EMEA achieves record revenues as European sportswear demand increases InternetRetailing,https://news.google.com/rss/articles/CBMiqgFBVV95cUxOSWV4REphVjl4ajFZeGFwbHpheGNhRXRadS1sQl9GYlI2WXNUVzJrX2VrMG1hY3d5ODR6Ylh1ZVZlR00zX0llRGRCdXFzbGotTWs4QzdXckhONjlyY0Q4S3FUM3Z4NXpkdWNNZzQ3NDQ2WjlKcExLdUdNX0J1ak9ZVmFGdkZ2TlB2cVNSdGxJZlQydTNUMl90cXJZM0Q1akpRNm0taFAwTkNVdw?oc=5,UK sportswear market trends,True,True,False
39,2026-02-25 08:00:00,Global Data,"Global Sports Retailing Market: Key Trends, Regional and Category Performance, Competitive Landscape and Top Retailers to 2029 - Global Data","Global Sports Retailing Market: Key Trends, Regional and Category Performance, Competitive Landscape and Top Retailers to 2029 Global Data","Global Sports Retailing Market: Key Trends, Regional and Category Performance, Competitive Landscape and Top Retailers to 2029 - Global Data. Global Sports Retailing Market: Key Trends, Regional and Category Performance, Competitive Landscape and Top Retailers to 2029 Global Data",https://news.google.com/rss/articles/CBMifkFVX3lxTE85aTFzeElBeFpoQjdwWGp2Z1NqT1NSZGVYd0hXSXYwT1RoTHNmNjdCU3lLLWFFTHZyU2lCdHhzQV9TWmpseWRfbnNvdHlXZlI3Rjg1bjNDaG5sbk1hblNqNmdpM0VuVHNCUG9RaFc5eWd1RFFrR1Y3Z0lGU3JVQQ?oc=5,UK sportswear consumer trends,True,True,True
40,2026-03-11 07:00:00,Retail Technology Innovation Hub,"InPost UK hails big moment for trainer culture and lockers with JD Sports Fashion, Nike tie up - Retail Technology Innovation Hub","InPost UK hails big moment for trainer culture and lockers with JD Sports Fashion, Nike tie up Retail Technology Innovation Hub","InPost UK hails big moment for trainer culture and lockers with JD Sports Fashion, Nike tie up - Retail Technology Innovation Hub. InPost UK hails big moment for trainer culture and lockers with JD Sports Fashion, Nike tie up Retail Technology Innovation Hub",https://news.google.com/rss/articles/CBMi5gFBVV95cUxQbWpPcmctbExXd2RWSWJLQlliMUZqNmRYWk5wd1A0TUpOZjFFUnI4YWUyaFJsMlowU3YwSG10NGYzZWd4VGxfNFBPd0JxbTZYVFI1akFVYkNBd3hIY0ZYejlMWUhUaXhLMFU2ODctODBGX1FvcmVHN0dIc1hFeU0zT1hyVUlwZHczbEIyZ3VWYVB3eHI1UGc4LUk3eGJLMUFwTmJTR2p6WXRqWHQ3MzlEREpIeHlzbTUyNWVyeDB1bzdTOWFuRUE0OFFLWEVSSjlTakxTMFVWVURyS2RLSWlidV8tYWZKZw?oc=5,UK sportswear innovation,True,True,True
41,2026-03-25 07:00:00,Research Nester,Sports Apparel Market Size & Share | Growth Trends 2035 - Research Nester,Sports Apparel Market Size & Share | Growth Trends 2035 Research Nester,Sports Apparel Market Size & Share | Growth Trends 2035 - Research Nester. Sports Apparel Market Size & Share | Growth Trends 2035 Research Nester,https://news.google.com/rss/articles/CBMic0FVX3lxTE94OG5xdHJYX0QweHlTdFY2ak15dFprR1VnaS1GUmJtY3hodktfNGN5dTNJYkZjMjlRQm9YOU9BM2dXYWlyX1BjSEJOT2RvekNxeXFFbl9nQkRUS2NYOElxS2ZZQ2VFVklIWHhhVEFNNktQSDQ?oc=5,UK sportswear consumer trends,True,False,True
42,2026-05-04 07:00:00,stupidDOPE,Prince x C-Life Group Partnership Expands Tennis Heritage into Full Apparel Business - stupidDOPE,Prince x C-Life Group Partnership Expands Tennis Heritage into Full Apparel Business stupidDOPE,Prince x C-Life Group Partnership Expands Tennis Heritage into Full Apparel Business - stupidDOPE. Prince x C-Life Group Partnership Expands Tennis Heritage into Full Apparel Business stupidDOPE,https://news.google.com/rss/articles/CBMitwFBVV95cUxQUVB3RFJZRFhXZ1RaUTJvR2VUNXFkdHhyWlN1TjF5NjdQNHZCeXByb1lWS1RGcWVNN0pkVy1uY3pkN2hGS1psZHlVMVR6SWl1MFVZV2VrbzA0ZkVRM1NQVWdpLWZVcjVXZmRnd0hOTzladURLS3BTeVFLdEtGazByazFSalVrOVAwNmV5MXlwdERBVWh0Zm5LeXhtOW05RkYtQ0FEazZfbWF1STFUN0lfMTFLZ191UlU?oc=5,UK athletic apparel innovation,True,False,True
43,2026-05-08 07:00:00,Kalkine Media,JD Sports Fashion Expands Retail Focus Across FTSE 100 Markets - Kalkine Media,JD Sports Fashion Expands Retail Focus Across FTSE 100 Markets Kalkine Media,JD Sports Fashion Expands Retail Focus Across FTSE 100 Markets - Kalkine Media. JD Sports Fashion Expands Retail Focus Across FTSE 100 Markets Kalkine Media,https://news.google.com/rss/articles/CBMiqgFBVV95cUxOR0tPSDFkRjF4SU1JWmlKdmZxa2g1cjMtemZMNDlJZm1BME4ya0NOaktNMUMzc0dCYmd1Y3B6ZjQ4aVV6OTQ3dmZEYW4yZFZiOHItWFFkZXpKM0hudS0zQ184NjNPbnJDSUlrNjlFd3RqN2xjdUwtOEMxTV9oZDdHNHhEREtua2NRdjZXNjN2UHk4WWlzXzF1eFZvanZFbkU1bTlBejR2bjVaUQ?oc=5,UK sportswear consumer behaviour,True,True,False
44,2026-05-27 07:00:00,PR Newswire UK,Global Sportswear Market Size to Reach $531 Billion by 2031 as Athleisure Outpaces Conventional Apparel Growth by Up to 2 to 6% - Arizton - PR Newswire UK,Global Sportswear Market Size to Reach $531 Billion by 2031 as Athleisure Outpaces Conventional Apparel Growth by Up to 2 to 6% - Arizton PR Newswire UK,Global Sportswear Market Size to Reach $531 Billion by 2031 as Athleisure Outpaces Conventional Apparel Growth by Up to 2 to 6% - Arizton - PR Newswire UK. Global Sportswear Market Size to Reach $531 Billion by 2031 as Athleisure Outpaces Conventional Apparel Growth by Up to 2 to 6% - Arizton PR Newswire UK,https://news.google.com/rss/articles/CBMingJBVV95cUxOMDJSd0tIdEk4QlRIUmZQSnJINjBWeXBHZUd2RzUzSzN6Z25nQzQybVJybVN1TDNBakpSeExCcjlGOUJia0pHaUJxejVPWGpndlVwaGpoT1lOdnpNb1d1QnV0eEdyRHBnYnd4aTdOV1ZwREtoSnBHTExOakwxRHRkZE53eU9qWlNINTVlSGpJUnVsQmYydVZTVjB1OFl0WWFyNXVrRXAyUVFOaDl6S0YxcG1IN2RMbjFwWDRldXdrMTQzWDBuVzZPSzczZWV4cEl6Qld5NTY2bFNPMWJQdVFRMTNBOUpXbG1LcWhpR0g0MFpCNHpJMDVrMjFHWXQ4X0U4dWc4a0h0cmkwaVhSekRsbUVXRFpmRTZRQjRxbTlB?oc=5,UK activewear consumer trends,True,False,True
45,2026-06-15 07:00:00,PR Newswire UK,"Licensed Sports Merchandise Market to Reach USD 64.6 Billion by 2036 Amid Growing Demand for Official Fan Apparel and Digital Retail Expansion | Future Market Insights, Inc. - PR Newswire UK","Licensed Sports Merchandise Market to Reach USD 64.6 Billion by 2036 Amid Growing Demand for Official Fan Apparel and Digital Retail Expansion | Future Market Insights, Inc. PR Newswire UK","Licensed Sports Merchandise Market to Reach USD 64.6 Billion by 2036 Amid Growing Demand for Official Fan Apparel and Digital Retail Expansion | Future Market Insights, Inc. - PR Newswire UK. Licensed Sports Merchandise Market to Reach USD 64.6 Billion by 2036 Amid Growing Demand for Official Fan Apparel and Digital Retail Expansion | Future Market Insights, Inc. PR Newswire UK",https://news.google.com/rss/articles/CBMizAJBVV95cUxPQXRQUzFtQTZWY2JnQW5zanI1UWNLSGpUeDMwMERyNl9KdzB4TVhQTUlxWTFqLURpd1EtaTZLUWZDODItSGZtMVlWQ0VPSEJKRHVSWEFWMG4xZUNwQ3lBbXJ0YVk4RWRYTlNDcjFDTkZVb0lhdFdBUl9JSVRLejgyQlNKOXVELXJPOGdYN1RNQTdpYkZESWxWRGdnaXY1c3dVZ2hDN2YzSldUSGg2NjV6RmI5SW9uNkI5dHMtejBUS0pOY1JMRlpkUTV3aHA5VE1MNUwtNENDem9IRUp3UDRha3FPUkZJTUFBdmpMczZDbHQ2eU0tcEdDR0JKRlVuc2toRFFNMDY3MDk4Wl9jRERtTk5YVHBtZ01UT094Mk5SaE80RmROdEZuVEFjLUozblpKWjhpYk1HcFZkVHZqX2ZNT1VfcWdaOGpmdWIyNw?oc=5,UK sportswear digital retail,True,True,True
46,2026-06-29 07:00:00,Retail Technology Innovation Hub,It's great up north: footwear and sportswear retailer Footasylum revamps Trafford Centre store - Retail Technology Innovation Hub,It's great up north: footwear and sportswear retailer Footasylum revamps Trafford Centre store Retail Technology Innovation Hub,It's great up north: footwear and sportswear retailer Footasylum revamps Trafford Centre store - Retail Technology Innovation Hub. It's great up north: footwear and sportswear retailer Footasylum revamps Trafford Centre store Retail Technology Innovation Hub,https://news.google.com/rss/articles/CBMi2wFBVV95cUxQUTJxTFV1X2N4UjIwUmlvdGZXZFFVLTJYVlducmtsaFo4QmF5aTNRZWotaFJKNE81aWxKVzY1NVBaRzhPbGFielRfcXo5QjE5VHViNWsyMXFvdVpYVV9kZ1FtNUNuT3JkMDB6NlhWNjF3cFd4Y0d4dHM5Qk9hZGw4UzVuZ1h1aU9zbGUzTEJMQVc3MmtiTlZycWxrTElPZUNxR0RJTXo2S1RFM1dfVTNtOTdwX3I5Vm01T0cxV2tpNVFWVHB4UjBzZUZkakI1NEZRNmhfaHJ3djZweFE?oc=5,UK sportswear innovation,True,True,True
47,2026-07-07 07:00:00,PR Newswire UK,"Sports and Athletic Insoles Market to Reach USD 8.4 Billion by 2036 Driven by Rising Sports Participation, AI-Powered Foot Scanning, and Growing Demand for Performance Footwear Solutions - PR Newswire UK","Sports and Athletic Insoles Market to Reach USD 8.4 Billion by 2036 Driven by Rising Sports Participation, AI-Powered Foot Scanning, and Growing Demand for Performance Footwear Solutions PR Newswire UK","Sports and Athletic Insoles Market to Reach USD 8.4 Billion by 2036 Driven by Rising Sports Participation, AI-Powered Foot Scanning, and Growing Demand for Performance Footwear Solutions - PR Newswire UK. Sports and Athletic Insoles Market to Reach USD 8.4 Billion by 2036 Driven by Rising Sports Participation, AI-Powered Foot Scanning, and Growing Demand for Performance Footwear Solutions PR Newswire UK",https://news.google.com/rss/articles/CBMi3wJBVV95cUxQQ29NSTJfc0I2b05vOWNjZEVHSXZ2MTZBUTRLVHZQTllnZDFQV0J3dkVXS04yVzdLTTctTk83b3hRYlphZVFYM1ZDQTQyaWNwckFZdjZXYzZ6aUR5MHJpeXY1X1RNdDY5RnE5ZFhEWElFOWRfU2xqQ3g4bUpFYWZEMHo4Y2gydkxvVVhKYl9telF0MXVtRHlaUE8wb2JZazdGX0V5YnpnUElnOTZVRDdBMFRhVEMtRzBMRHVNMDltMTVjeXh1bEhjZFg2NmFWdlhBbGNwTGJXclhIZGdfY1pYVEVMRVY4NDBwaERDekNVamd1MGJyZE1YRDZuSnNZbjhMd21ObHBLWWJvajJOb3d4b0pHTkh1U2hMWGJpLTF4N3ZmS3I4dnZtcW80UlNPRWxrall0dmVzT3k4VXFuQUlrc0FWVlFDeFNBQUFTaDlEUlBfUjJaSTRqdFhVZHpGeEE?oc=5,UK sportswear consumer technology,True,True,False
48,2026-07-13 00:24:39,36 Kr,"The next chapter in running apparel: after perfecting fabrics, what's the next frontier? - 36 Kr","The next chapter in running apparel: after perfecting fabrics, what's the next frontier? 36 Kr","The next chapter in running apparel: after perfecting fabrics, what's the next frontier? - 36 Kr. The next chapter in running apparel: after perfecting fabrics, what's the next frontier? 36 Kr",https://news.google.com/rss/articles/CBMiU0FVX3lxTE1Ndi1JeXQzeEU3MVZ6bzBFMEMxYWljQ0hRRjN2MEZGdkpZbUIxZzVVbWdVcUZ2YnN1a1VaR3dLTkVaTVdBdzBzV0JqV3d4Rno4MERN?oc=5,UK athletic apparel innovation,True,False,True
49,2026-07-17 07:00:00,Market Data Forecast,"Europe Activewear Market Size, Share & Growth Report, 2034 - Market Data Forecast","Europe Activewear Market Size, Share & Growth Report, 2034 Market Data Forecast","Europe Activewear Market Size, Share & Growth Report, 2034 - Market Data Forecast. Europe Activewear Market Size, Share & Growth Report, 2034 Market Data Forecast",https://news.google.com/rss/articles/CBMif0FVX3lxTE5mbDYteFEyVkxqZWVyM2V5dE93RTh5QS1RbW10VERKZ3hLUW12enE2el9yWGdLMDRvaDJPUHN4ZHdDQlAtQ0U4bVIwYnlvd0FEalBONnNxN1dNM3VIekUzZWo3bU4xZmlnT2xMQ3JVRWZTV0dNZ0U0Tm12SHU3aVU?oc=5,UK activewear consumer trends,True,False,True
50,2026-07-20 07:00:00,Fortune Business Insights,"Apparel Market Size, Share, Future Trends & Forecast, 2034 - Fortune Business Insights","Apparel Market Size, Share, Future Trends & Forecast, 2034 Fortune Business Insights","Apparel Market Size, Share, Future Trends & Forecast, 2034 - Fortune Business Insights. Apparel Market Size, Share, Future Trends & Forecast, 2034 Fortune Business Insights",https://news.google.com/rss/articles/CBMibkFVX3lxTE10ZGllZmF6c0hVN3NKUllOVHFYVzl3OGJjY21VSm0zMU5EOVdkOWZmRlVVRU9QbDRTdWdsQjlkbVEtb1R0Zkh5bFY3YmpmWTFOTGdmUWplZlcwSVFqVGFrTFlWbHRWYWdoWnJ0UzR3?oc=5,UK sportswear consumer trends,True,False,True
51,2026-08-05 12:46:00,Kalkine Media,Is JD Sports Fashion (LSE:JD.) Changing The Market View Of Retail Stocks? - Kalkine Media,Is JD Sports Fashion (LSE:JD.) Changing The Market View Of Retail Stocks? Kalkine Media,Is JD Sports Fashion (LSE:JD.) Changing The Market View Of Retail Stocks? - Kalkine Media. Is JD Sports Fashion (LSE:JD.) Changing The Market View Of Retail Stocks? Kalkine Media,https://news.google.com/rss/articles/CBMirwFBVV95cUxPVGF4bHJUcGRiVjJ5Z1R6cWJMVnFKSTBiWk5fS2ZXTHpBYUkwQm1uN2xvN2xxa1hwbkgzWEVISUxteTNHNVNfUFJaMkRQV1VhT05JMlJPOG90VHd3cmNvYWFzNkM3bUhabEtkdlM5TnlsSURPdmp2Q0xJbl9GQjNQeHVpTUtzdkk3OV90OFBaRjV5Z2VoaWtaU1hJWVY2ZjUyRE9VUUp0U01LRGtSWk5B?oc=5,UK sportswear consumer behaviour,True,True,False
